country,2020,2021,2022,2023,2024
Burundi,13765.0,9892.0,20752.0,42731.0,48870.0
Comoros,,278.0,455.0,567.0,732.0
Djibouti,,139.0,293.0,268.0,216.0
Eritrea,9823.0,16266.0,26524.0,35184.0,43743.0
Ethiopia,2179.0,2827.0,3794.0,4333.0,4676.0
Kenya,321770.0,345684.0,376294.0,498915.0,466902.0
Madagascar,,65.0,181.0,268.0,333.0
Malawi,501.0,544.0,1407.0,2754.0,2613.0
Mauritius,,113.0,248.0,385.0,420.0
Mozambique,,56.0,200.0,259.0,338.0
Rwanda,22660.0,25399.0,158523.0,358609.0,390830.0
Seychelles,,28.0,54.0,111.0,110.0
Somalia,1148.0,1762.0,1835.0,2551.0,2686.0
"Tanzania, United Republic of",21883.0,20803.0,26932.0,33725.0,39409.0
Zambia,586.0,960.0,2821.0,10065.0,7627.0
Zimbabwe,1035.0,1446.0,3450.0,5895.0,6743.0
Angola,,88.0,179.0,255.0,310.0
Cameroon,,291.0,632.0,884.0,1113.0
Central African Republic,,47.0,101.0,145.0,195.0
Chad,,43.0,87.0,177.0,297.0
Congo,,66.0,103.0,224.0,489.0
"Congo, Democratic Republic of the",3644.0,5524.0,11268.0,20692.0,63357.0
Equatorial Guinea,,18.0,30.0,51.0,79.0
Gabon,,29.0,90.0,167.0,292.0
Sao Tome and Principe,,2.0,1.0,17.0,7.0
Algeria,,81.0,112.0,270.0,297.0
Egypt,,1054.0,1215.0,1448.0,1316.0
Libya,,,112.0,182.0,222.0
Morocco,,70.0,122.0,207.0,214.0
South Sudan,12120.0,19211.0,59602.0,85375.0,101187.0
Sudan,985.0,1157.0,2848.0,8035.0,13288.0
Tunisia,,119.0,77.0,119.0,147.0
Botswana,,190.0,642.0,1819.0,1440.0
Eswatini,,75.0,103.0,356.0,525.0
Lesotho,,33.0,122.0,219.0,341.0
Namibia,,34.0,249.0,708.0,688.0
South Africa,2315.0,1804.0,3677.0,4931.0,5035.0
Benin,,50.0,103.0,156.0,186.0
Burkina Faso,,95.0,96.0,154.0,195.0
Cabo Verde,,,1.0,12.0,4.0
Côte d'Ivoire,,88.0,136.0,221.0,301.0
Gambia,,108.0,229.0,341.0,520.0
Ghana,626.0,982.0,3464.0,4750.0,7778.0
Guinea,,55.0,91.0,114.0,117.0
Guinea-Bissau,,5.0,6.0,214.0,46.0
Liberia,,172.0,446.0,685.0,782.0
Mali,,116.0,215.0,300.0,335.0
Mauritania,,11.0,24.0,43.0,52.0
Niger,,29.0,75.0,85.0,112.0
Nigeria,1973.0,1866.0,3626.0,5031.0,4677.0
Senegal,,47.0,124.0,228.0,366.0
Sierra Leone,,300.0,606.0,862.0,1014.0
Togo,,36.0,58.0,126.0,101.0
Other countries of West Africa,,,,2.0,10.0
Antigua and Barbuda,,7.0,22.0,20.0,26.0
Bahamas,,13.0,32.0,47.0,118.0
Barbados,,10.0,9.0,37.0,50.0
Cuba,,25.0,26.0,32.0,89.0
Dominica,,24.0,38.0,37.0,27.0
Dominican Republic,,,2.0,3.0,9.0
Grenada,,6.0,18.0,22.0,41.0
Haiti,,28.0,38.0,71.0,89.0
Jamaica,,46.0,138.0,177.0,302.0
Montserrat,,,,1.0,1.0
Saint Kitts and Nevis,,,17.0,22.0,34.0
Saint Lucia,,1.0,1.0,1.0,2.0
Saint Vincent and the Grenadines,,2.0,6.0,6.0,11.0
Trinidad and Tobago,,19.0,33.0,98.0,113.0
Belize,,7.0,16.0,16.0,9.0
Costa Rica,,19.0,45.0,38.0,37.0
El Salvador,,9.0,14.0,29.0,24.0
Guatemala,,5.0,28.0,68.0,225.0
Honduras,,10.0,18.0,18.0,20.0
Nicaragua,,3.0,9.0,8.0,12.0
Panama,,5.0,2.0,8.0,9.0
Canada,2012.0,1449.0,2946.0,3900.0,9688.0
Mexico,,79.0,140.0,200.0,175.0
United States of America,7100.0,7571.0,13212.0,17712.0,16237.0
Argentina,,50.0,77.0,111.0,152.0
"Bolivia, Plurinational State of",,14.0,31.0,73.0,83.0
Brazil,,113.0,247.0,381.0,394.0
Chile,,14.0,49.0,61.0,49.0
Colombia,,49.0,140.0,164.0,148.0
Ecuador,,8.0,25.0,61.0,60.0
Guyana,,,7.0,11.0,7.0
Paraguay,,1.0,4.0,9.0,12.0
Peru,,31.0,61.0,116.0,125.0
Suriname,,,1.0,2.0,8.0
Uruguay,,22.0,158.0,103.0,289.0
"Venezuela, Bolivarian Republic of",,10.0,25.0,26.0,67.0
China,3824.0,3977.0,5881.0,9944.0,10961.0
"Korea, Democratic People's Republic of",,4.0,27.0,33.0,40.0
Japan,489.0,229.0,559.0,969.0,946.0
Mongolia,,34.0,182.0,324.0,154.0
"Korea, Republic of",,642.0,417.0,1387.0,1265.0
Taiwan Province of China,,26.0,869.0,106.0,95.0
Brunei Darussalam,,3.0,2.0,1.0,3.0
Cambodia,,1.0,19.0,99.0,145.0
Indonesia,,128.0,143.0,368.0,650.0
Lao People's Democratic Republic,,,,5.0,27.0
Malaysia,,86.0,259.0,502.0,813.0
Myanmar,,2.0,5.0,4.0,16.0
Philippines,,250.0,423.0,669.0,675.0
Singapore,,40.0,174.0,337.0,412.0
Thailand,,29.0,95.0,157.0,267.0
Timor-Leste,,6.0,11.0,12.0,15.0
Viet Nam,,35.0,376.0,395.0,858.0
British Indian Ocean Territory,,,26.0,39.0,28.0
Australia,857.0,319.0,1333.0,2318.0,1906.0
New Zealand,107.0,69.0,186.0,446.0,254.0
Fiji,,31.0,41.0,76.0,142.0
Papua New Guinea,,,11.0,26.0,13.0
Solomon Islands,,5.0,5.0,2.0,3.0
Vanuatu,,7.0,5.0,17.0,24.0
Kiribati,,,,25.0,43.0
American Samoa,,,,1.0,1.0
Tonga,,2.0,8.0,17.0,18.0
Armenia,,2.0,12.0,14.0,19.0
Azerbaijan,,11.0,17.0,51.0,69.0
Belarus,,80.0,54.0,152.0,74.0
Bulgaria,,,54.0,160.0,187.0
Czech Republic (Czechia),124.0,125.0,215.0,400.0,394.0
Estonia,,31.0,24.0,74.0,61.0
Georgia,,4.0,9.0,26.0,33.0
Hungary,,35.0,73.0,114.0,122.0
Kazakhstan,,24.0,49.0,159.0,134.0
Kyrgyzstan,,25.0,57.0,171.0,195.0
Latvia,,45.0,64.0,119.0,108.0
Lithuania,,35.0,56.0,86.0,97.0
"Moldova, Republic of",,12.0,29.0,57.0,40.0
Poland,,124.0,191.0,436.0,439.0
Romania,,137.0,167.0,305.0,295.0
Russian Federation,711.0,565.0,720.0,1303.0,1288.0
Slovakia,,21.0,52.0,133.0,126.0
Tajikistan,,15.0,30.0,44.0,60.0
Turkmenistan,,4.0,14.0,3.0,5.0
Ukraine,613.0,210.0,236.0,280.0,406.0
Uzbekistan,,6.0,16.0,32.0,32.0
Denmark,625.0,440.0,1026.0,1152.0,1197.0
Finland,143.0,99.0,183.0,309.0,264.0
Iceland,,20.0,66.0,77.0,60.0
Ireland,527.0,557.0,1649.0,2488.0,2702.0
Norway,501.0,396.0,739.0,997.0,888.0
Sweden,851.0,693.0,1163.0,1255.0,1265.0
United Kingdom,5481.0,3982.0,8108.0,11069.0,10179.0
Other countries of Northern Europe,,,53.0,8.0,10.0
Albania,,6.0,3.0,13.0,12.0
Andorra,,1.0,1.0,7.0,1.0
Bosnia and Herzegovina,,,32.0,48.0,76.0
Croatia,,21.0,66.0,67.0,89.0
Greece,,89.0,119.0,121.0,328.0
Italy,890.0,711.0,1355.0,1850.0,1922.0
Malta,,18.0,60.0,76.0,73.0
Montenegro,,,6.0,3.0,6.0
North Macedonia,,,6.0,39.0,31.0
Portugal,,255.0,440.0,633.0,469.0
Serbia,,,161.0,236.0,239.0
Slovenia,,15.0,30.0,112.0,115.0
Spain,,255.0,510.0,836.0,753.0
Holy See,,,5.0,5.0,7.0
Other countries of Southern Europe,,,35.0,13.0,25.0
Austria,227.0,175.0,377.0,664.0,523.0
Belgium,682.0,612.0,1215.0,1978.0,1804.0
France,1059.0,1184.0,2081.0,3002.0,3169.0
Germany,1774.0,1678.0,3279.0,4864.0,4223.0
Liechtenstein,,,4.0,5.0,2.0
Luxembourg,,16.0,25.0,18.0,15.0
Netherlands,1638.0,1414.0,2193.0,2937.0,2565.0
Switzerland,363.0,463.0,744.0,824.0,660.0
Cyprus,,57.0,130.0,165.0,238.0
Other countries of Europe,,,190.0,120.0,11.0
Bahrain,,1.0,8.0,12.0,17.0
"Iran, Islamic Republic of",,243.0,201.0,371.0,228.0
Iraq,,10.0,26.0,19.0,41.0
Israel,369.0,203.0,400.0,627.0,614.0
Jordan,,64.0,94.0,122.0,237.0
Kuwait,,14.0,16.0,17.0,21.0
Lebanon,,379.0,535.0,598.0,604.0
Oman,,26.0,104.0,120.0,124.0
Qatar,,3.0,8.0,16.0,13.0
Saudi Arabia,,278.0,312.0,245.0,252.0
Syrian Arab Republic,,87.0,133.0,126.0,195.0
Türkiye,1344.0,1120.0,1382.0,1428.0,1419.0
United Arab Emirates,,31.0,95.0,129.0,126.0
Yemen,,94.0,141.0,131.0,142.0
Other countries of Middle East,,,1239.0,3.0,15.0
Afghanistan,,33.0,41.0,143.0,216.0
Bangladesh,,353.0,888.0,2327.0,4897.0
Bhutan,,21.0,29.0,67.0,142.0
India,10223.0,12644.0,25791.0,31324.0,34208.0
Maldives,,,3.0,3.0,22.0
Nepal,,211.0,821.0,1521.0,1454.0
Pakistan,1337.0,1789.0,2895.0,4320.0,5208.0
Sri Lanka,,252.0,406.0,478.0,571.0
