year,Leisure and holiday,Business and professional,Visiting friends and relatives,Other,source
2012,148000.0,205000.0,383000.0,461000.0,UBOS 2017 (arrival cards)
2013,188000.0,223000.0,528000.0,267000.0,UBOS 2017 (arrival cards)
2014,220000.0,232000.0,441000.0,373000.0,UBOS 2017 (arrival cards)
2015,208000.0,322000.0,453000.0,320000.0,UBOS 2017 (arrival cards)
2016,237000.0,290000.0,499000.0,297000.0,UBOS 2017 (arrival cards)
2020,10811.0,302871.0,64602.0,94801.0,MTWA 2025 (PISCES immigration system)
2021,46165.0,128236.0,169272.0,169272.0,MTWA 2025 (PISCES immigration system)
2022,95394.0,297453.0,311414.0,110247.0,MTWA 2025 (PISCES immigration system)
2023,199716.0,336848.0,373782.0,363864.0,MTWA 2025 (PISCES immigration system)
2024,264746.0,341418.0,400723.0,365008.0,MTWA 2025 (PISCES immigration system)
