year,month,arrivals
2020,1,56446.0
2021,1,39946.0
2022,1,49554.0
2023,1,92437.0
2024,1,118293.0
2020,2,49781.0
2021,2,40355.0
2022,2,46882.0
2023,2,82731.0
2024,2,111006.0
2020,3,35029.0
2021,3,46172.0
2022,3,58372.0
2023,3,90708.0
2024,3,106664.0
2020,4,24338.0
2021,4,39686.0
2022,4,65319.0
2023,4,91227.0
2024,4,112932.0
2020,5,28922.0
2021,5,42402.0
2022,5,66429.0
2023,5,99324.0
2024,5,113684.0
2020,6,38546.0
2021,6,39014.0
2022,6,68521.0
2023,6,102251.0
2024,6,116232.0
2020,7,42214.0
2021,7,37719.0
2022,7,72082.0
2023,7,116298.0
2024,7,120358.0
2020,8,40301.0
2021,8,43249.0
2022,8,69869.0
2023,8,128670.0
2024,8,130408.0
2020,9,34296.0
2021,9,40630.0
2022,9,69494.0
2023,9,113742.0
2024,9,105490.0
2020,10,40864.0
2021,10,46256.0
2022,10,79219.0
2023,10,113933.0
2024,10,106559.0
2020,11,41267.0
2021,11,48073.0
2022,11,77932.0
2023,11,112616.0
2024,11,106703.0
2020,12,41081.0
2021,12,49443.0
2022,12,90835.0
2023,12,130273.0
2024,12,123566.0
