period,year,available,sold
Jan-Mar (Q3),2020,8190.0,4266.0
Jan-Mar (Q3),2021,8100.0,674.0
Jan-Mar (Q3),2022,8100.0,1937.0
Jan-Mar (Q3),2023,8100.0,3298.0
Jan-Mar (Q3),2024,9828.0,4503.0
Apr-Jun (Q4),2020,8280.0,0.0
Apr-Jun (Q4),2021,8100.0,922.0
Apr-Jun (Q4),2022,8100.0,1967.0
Apr-Jun (Q4),2023,8100.0,2551.0
Apr-Jun (Q4),2024,9828.0,2506.0
Jul-Sept (Q1),2020,8280.0,106.0
Jul-Sept (Q1),2021,8280.0,1904.0
Jul-Sept (Q1),2022,8280.0,5598.0
Jul-Sept (Q1),2023,8280.0,6080.0
Jul-Sept (Q1),2024,9936.0,6243.0
Oct-Dec (Q2),2020,8280.0,447.0
Oct-Dec (Q2),2021,8280.0,1498.0
Oct-Dec (Q2),2022,8280.0,2859.0
Oct-Dec (Q2),2023,8280.0,3766.0
Oct-Dec (Q2),2024,9936.0,3962.0
