year,month,available,sold
2022,1,4836.0,370.0
2023,1,4836.0,2860.0
2024,1,5952.0,3952.0
2025,1,6067.0,4531.0
2026,1,6076.0,4491.0
2022,2,4368.0,1120.0
2023,2,4368.0,3045.0
2024,2,5568.0,4351.0
2025,2,5488.0,3953.0
2026,2,5488.0,4442.0
2022,3,4836.0,681.0
2023,3,4836.0,1558.0
2024,3,5952.0,2077.0
2025,3,6067.0,1963.0
2026,3,6076.0,2022.0
2022,4,4560.0,273.0
2023,4,4560.0,1248.0
2024,4,5880.0,1155.0
2025,4,5880.0,1177.0
2026,4,5888.0,1339.0
2022,5,4712.0,384.0
2023,5,4712.0,1612.0
2024,5,6076.0,1655.0
2025,5,6076.0,1786.0
2026,5,6084.0,1896.0
2022,6,4560.0,1600.0
2023,6,4560.0,3616.0
2024,6,5880.0,4115.0
2025,6,5880.0,4546.0
2026,6,5888.0,3516.0
