scope,year,month,occupancy
national,2020,1.0,38.5
national,2021,1.0,35.2
national,2022,1.0,30.2
national,2023,1.0,47.3
national,2024,1.0,53.3
national,2020,2.0,30.9
national,2021,2.0,36.1
national,2022,2.0,32.6
national,2023,2.0,44.4
national,2024,2.0,53.8
national,2020,3.0,21.3
national,2021,3.0,35.7
national,2022,3.0,46.9
national,2023,3.0,49.3
national,2024,3.0,52.1
national,2020,4.0,2.0
national,2021,4.0,40.1
national,2022,4.0,34.2
national,2023,4.0,48.8
national,2024,4.0,54.4
national,2020,5.0,1.4
national,2021,5.0,48.0
national,2022,5.0,44.1
national,2023,5.0,46.4
national,2024,5.0,52.6
national,2020,6.0,4.1
national,2021,6.0,44.7
national,2022,6.0,41.6
national,2023,6.0,46.5
national,2024,6.0,53.5
national,2020,7.0,20.7
national,2021,7.0,32.0
national,2022,7.0,50.6
national,2023,7.0,53.5
national,2024,7.0,52.6
national,2020,8.0,23.9
national,2021,8.0,20.2
national,2022,8.0,53.9
national,2023,8.0,56.4
national,2024,8.0,53.0
national,2020,9.0,23.3
national,2021,9.0,36.5
national,2022,9.0,51.5
national,2023,9.0,60.9
national,2024,9.0,53.2
national,2020,10.0,23.4
national,2021,10.0,28.3
national,2022,10.0,50.8
national,2023,10.0,62.4
national,2024,10.0,
national,2020,11.0,26.5
national,2021,11.0,25.9
national,2022,11.0,50.5
national,2023,11.0,63.6
national,2024,11.0,
national,2020,12.0,24.8
national,2021,12.0,31.2
national,2022,12.0,52.2
national,2023,12.0,48.2
national,2024,12.0,
Central,2020,,18.0
Central,2021,,26.1
Central,2022,,30.1
Central,2023,,34.5
Central,2024,,49.6
Eastern,2020,,20.6
Eastern,2021,,26.3
Eastern,2022,,50.2
Eastern,2023,,58.1
Eastern,2024,,46.6
Kampala,2020,,18.2
Kampala,2021,,41.4
Kampala,2022,,61.4
Kampala,2023,,53.6
Kampala,2024,,68.3
Northern,2020,,24.8
Northern,2021,,35.2
Northern,2022,,48.5
Northern,2023,,52.7
Northern,2024,,46.5
Western,2020,,22.5
Western,2021,,34.3
Western,2022,,33.8
Western,2023,,65.2
Western,2024,,51.2
