year,month,visits
2019,1,23977.0
2019,2,18686.0
2019,3,16785.0
2019,4,19370.0
2019,5,25941.0
2019,6,24752.0
2019,7,43164.0
2019,8,49866.0
2019,9,25608.0
2019,10,27205.0
2019,11,20623.0
2019,12,27884.0
2018,1,21564.0
2018,2,20226.0
2018,3,17187.0
2018,4,17634.0
2018,5,20967.0
2018,6,25081.0
2018,7,44752.0
2018,8,52284.0
2018,9,26923.0
2018,10,27017.0
2018,11,21987.0
2018,12,29723.0
2017,1,18574.0
2017,2,15296.0
2017,3,12659.0
2017,4,16386.0
2017,5,17248.0
2017,6,23285.0
2017,7,39570.0
2017,8,42555.0
2017,9,24908.0
2017,10,24567.0
2017,11,21759.0
2017,12,28864.0
2016,1,15149.0
2016,2,11335.0
2016,3,12274.0
2016,4,9171.0
2016,5,13556.0
2016,6,21178.0
2016,7,39672.0
2016,8,32906.0
2016,9,30044.0
2016,10,22356.0
2016,11,16338.0
2016,12,21746.0
2015,1,12032.0
2015,2,11029.0
2015,3,10474.0
2015,4,14839.0
2015,5,14395.0
2015,6,19562.0
2015,7,31683.0
2015,8,31975.0
2015,9,16044.0
2015,10,18383.0
2015,11,14318.0
2015,12,20824.0
2020,1,26028.0
2021,1,8520.0
2022,1,23402.0
2023,1,28548.0
2024,1,33036.0
2020,2,24584.0
2021,2,7400.0
2022,2,20242.0
2023,2,23325.0
2024,2,27942.0
2020,3,9558.0
2021,3,9127.0
2022,3,17374.0
2023,3,19788.0
2024,3,22506.0
2020,4,0.0
2021,4,12752.0
2022,4,23903.0
2023,4,25220.0
2024,4,22056.0
2020,5,35.0
2021,5,13737.0
2022,5,20695.0
2023,5,28915.0
2024,5,28782.0
2020,6,1012.0
2021,6,12162.0
2022,6,33633.0
2023,6,27869.0
2024,6,34822.0
2020,7,3641.0
2021,7,12224.0
2022,7,53987.0
2023,7,52563.0
2024,7,60680.0
2020,8,4242.0
2021,8,18243.0
2022,8,57965.0
2023,8,60692.0
2024,8,67138.0
2020,9,3769.0
2021,9,16036.0
2022,9,31698.0
2023,9,33596.0
2024,9,41600.0
2020,10,6472.0
2021,10,18755.0
2022,10,24170.0
2023,10,28838.0
2024,10,29573.0
2020,11,5485.0
2021,11,19684.0
2022,11,22208.0
2023,11,23560.0
2024,11,28100.0
2020,12,16505.0
2021,12,41348.0
2022,12,38592.0
2023,12,35000.0
2024,12,40532.0
