category,year,visits
Foreign Non Residents,2016,95949.0
Foreign Residents,2016,15778.0
East African Residents,2016,62142.0
Students,2016,70299.0
Others,2016,1557.0
Foreign Non Residents,2020,42714.0
Foreign Residents,2020,8611.0
East African Residents,2020,44581.0
Students,2020,3829.0
Others,2020,1596.0
Foreign Non Residents,2021,56112.0
Foreign Residents,2021,13731.0
East African Residents,2021,89635.0
Students,2021,5272.0
Others,2021,25238.0
Foreign Non Residents,2022,122316.0
Foreign Residents,2022,13060.0
East African Residents,2022,97357.0
Students,2022,63351.0
Others,2022,71785.0
Foreign Non Residents,2023,144579.0
Foreign Residents,2023,12310.0
East African Residents,2023,105486.0
Students,2023,71410.0
Others,2023,54129.0
Foreign Non Residents,2024,160003.0
Foreign Residents,2024,10152.0
East African Residents,2024,106405.0
Students,2024,120343.0
Others,2024,39864.0
