,"park visits, % of year","gorilla permits sold, %","all arrivals, % of year","rain, Western (mm)","rain, Northern (mm)"
Jan,6.696,63.144,7.939,43.376,12.401
Feb,5.623,74.436,7.292,48.841,20.119
Mar,4.966,33.695,7.447,108.275,70.734
Apr,5.725,23.017,7.696,150.998,134.462
May,6.545,30.284,8.041,105.889,142.458
Jun,8.187,74.052,8.249,56.382,122.343
Jul,14.237,101.521,8.95,49.423,136.689
Aug,15.17,108.266,9.802,100.79,155.178
Sep,8.922,85.265,8.308,123.119,115.512
Oct,7.963,59.302,8.354,153.185,137.627
Nov,6.572,44.328,8.308,129.077,85.785
Dec,9.394,55.095,9.615,77.228,32.122
