year,Botswana,Ethiopia,Kenya,Namibia,Rwanda,South Africa,Tanzania,Uganda,Zambia,Zimbabwe
1995,162.0,16.0,423.0,278.0,2.0,2126.0,502.0,78.0,,
1996,93.0,23.0,462.0,293.0,4.0,2615.0,473.0,117.0,,
1997,136.0,22.0,655.0,333.0,17.0,2851.0,339.0,135.0,29.0,
1998,175.0,37.0,725.0,288.0,19.0,2854.0,399.0,144.0,40.0,
1999,234.0,47.0,705.0,238.0,17.0,2800.0,464.0,151.0,53.0,
2000,222.0,57.0,283.0,112.0,23.0,2677.0,377.0,165.0,67.0,
2001,230.0,51.0,309.0,222.0,25.0,2569.0,615.0,165.0,80.0,
2002,319.0,72.0,276.0,211.0,31.0,2923.0,635.0,171.0,64.0,
2003,457.0,114.0,347.0,333.0,30.0,5712.0,647.0,184.0,88.0,
2004,581.0,174.0,486.0,405.0,44.0,6513.0,746.0,267.0,92.0,
2005,562.0,168.0,579.0,348.0,49.0,7516.0,824.0,380.0,447.0,
2006,538.0,162.0,687.0,382.0,132.0,8120.0,950.0,346.0,506.0,
2007,546.0,176.0,917.0,433.0,152.0,8779.0,1199.0,398.0,599.0,
2008,510.0,377.0,752.0,383.0,186.0,7956.0,1289.0,498.0,542.0,
2009,663.0,329.0,690.0,395.0,174.0,7624.0,1160.0,667.0,474.0,118.0
2010,438.0,522.0,800.0,320.0,202.0,9085.0,1255.0,784.0,492.0,124.0
2011,465.0,770.0,926.0,264.0,252.0,9515.0,1353.0,960.0,555.0,152.0
2012,459.0,607.0,935.0,293.0,282.0,9996.0,1713.0,1135.0,518.0,161.0
2013,481.0,586.0,881.0,244.0,294.0,9245.0,1880.0,939.0,552.0,170.0
2014,528.0,352.0,811.0,452.0,304.0,9338.0,2010.0,965.0,642.0,172.0
2015,533.0,405.0,724.0,465.0,338.0,8259.0,1902.0,1037.0,660.0,175.0
2016,503.0,347.0,824.0,224.0,363.0,7919.0,2132.0,1102.0,683.0,177.0
2017,542.0,436.0,916.0,341.0,381.0,8817.0,2250.0,941.0,653.0,149.0
2018,582.0,968.0,1072.0,380.0,392.0,8989.0,2449.0,1506.0,742.0,182.0
2019,705.0,786.0,1007.0,349.0,458.0,8390.0,2604.4,1385.0,819.0,279.0
2020,114.6,1032.8,541.3,118.1,120.5,2607.5,714.5,562.1,411.6,62.6
2021,206.8,965.1,843.9,128.5,149.9,2108.2,1310.3,984.3,393.0,16.2
2022,349.0,1174.6,1109.6,276.8,400.2,4738.4,2527.8,1070.9,828.5,263.6
2023,393.4,1103.9,1005.3,346.8,563.9,5680.7,3373.8,1302.7,800.7,155.2
2024,,,,435.8,,6373.2,,,,
